ime_drzave,ime_izvajalca
Switzerland,Lys Assia
Netherlands,Jetty Paerl
Belgium,Fud Leclerc
Germany,Walter Andreas Schwarz
France,Mathé Altéry
Luxembourg,Michèle Arnaud
Italy,Franca Raimondi
Netherlands,Corry Brokken
Belgium,Mony Marc
Germany,Freddy Quinn
France,Dany Dauberson
Italy,Tonina Torielli
Netherlands,Corry Brokken
France,Paule Desjardins
Denmark,Birthe Wilke & Gustav Winckler
Luxembourg,Danièle Dupré
Germany,Margot Hielscher
Italy,Nunzio Gallo
United Kingdom,Patricia Bredin
Belgium,Bobbejaan Schoepen
Switzerland,Lys Assia
Austria,Bob Martin
France,André Claveau
Switzerland,Lys Assia
Italy,Domenico Modugno
Sweden,Alice Babs
Belgium,Fud Leclerc
Austria,Liane Augustin
Germany,Margot Hielscher
Denmark,Raquel Rastenni
Netherlands,Corry Brokken
Luxembourg,Solange Berry
Netherlands,Teddy Scholten
United Kingdom,Pearl Carr & Teddy Johnson
France,Jean Philippe
Switzerland,Christa Williams
Denmark,Birthe Wilke
Italy,Domenico Modugno
Belgium,Bob Benny
Germany,Alice and Ellen Kessler
Sweden,Brita Borg
Austria,Ferry Graf
Monaco,Jacques Pills
France,Jacqueline Boyer
United Kingdom,Bryan Johnson
Monaco,François Deguelt
Norway,Nora Brockstedt
Germany,Wyn Hoop
Belgium,Fud Leclerc
Austria,Harry Winter
Switzerland,Anita Traversi
Italy,Renato Rascel
Sweden,Siw Malmkvist
Denmark,Katy Bødtger
Netherlands,Rudi Carrell
Luxembourg,Camillo Felgen
Luxembourg,Jean-Claude Pascal
United Kingdom,The Allisons
Switzerland,Franca di Rienzo
France,Jean-Paul Mauric
Denmark,Dario Campeotto
Italy,Betty Curtis
Norway,Nora Brockstedt
Yugoslavia,Ljiljana Petrović
Spain,Conchita Bautista
Monaco,Colette Deréal
Finland,Laila Kinnunen
Netherlands,Greetje Kauffeld
Germany,Lale Andersen
Sweden,Lill-Babs
Austria,Jimmy Makulis
Belgium,Bob Benny
France,Isabelle Aubret
Monaco,François Deguelt
Luxembourg,Camillo Felgen
Yugoslavia,Lola Novaković
United Kingdom,Ronnie Carroll
Germany,Conny Froboess
Finland,Marion Rung
Sweden,Inger Berggren
Italy,Claudio Villa
Denmark,Ellen Winther
Norway,Inger Jacobsen
Switzerland,Jean Philippe
Belgium,Fud Leclerc
Spain,Victor Balaguer
Austria,Eleonore Schwarz
Netherlands,De Spelbrekers
Denmark,Grethe & Jørgen Ingmann
Switzerland,Esther Ofarim
Italy,Emilio Pericoli
United Kingdom,Ronnie Carroll
France,Alain Barrière
Monaco,Françoise Hardy
Austria,Carmela Corren
Luxembourg,Nana Mouskouri
Germany,Heidi Brühl
Belgium,Jacques Raymond
Yugoslavia,Vice Vukov
Spain,José Guardiola
Netherlands,Annie Palmen
Norway,Anita Thallaug
Finland,Laila Halme
Sweden,Monica Zetterlund
Italy,Gigliola Cinquetti
United Kingdom,Matt Monro
Monaco,Romuald
Luxembourg,Hugues Aufray
France,Rachel
Austria,Udo Jürgens
Finland,Lasse Mårtenson
Norway,Arne Bendiksen
Denmark,Bjørn Tidmand
Netherlands,Anneke Grönloh
Belgium,Robert Cogoi
Spain,"Tim, Nelly and Tony"
Germany,Nora Nova
Portugal,António Calvário
Yugoslavia,Sabahudin Kurt
Switzerland,Anita Traversi
Luxembourg,France Gall
United Kingdom,Kathy Kirby
France,Guy Mardel
Austria,Udo Jürgens
Italy,Bobby Solo
Ireland,Butch Moore
Denmark,Birgit Brüel
Switzerland,Yovanna
Monaco,Marjorie Noël
Sweden,Ingvar Wixell
Netherlands,Conny Van den bos
Yugoslavia,Vice Vukov
Norway,Kirsti Sparboe
Portugal,Simone de Oliviera
Spain,Conchita Bautista
Germany,Ulla Wiesner
Belgium,Lize Marke
Finland,Viktor Klimenko
Austria,Udo Jürgens
Sweden,Lill Lindfors & Svante Thuresson
Norway,Åse Kleveland
Belgium,Tonia
Ireland,Dickie Rock
Switzerland,Madeleine Pascal
Yugoslavia,Berta Ambroz
Spain,Raphael
United Kingdom,Kenneth McKellar
Germany,Margot Eskens
Luxembourg,Michèle Torr
Finland,Ann-Christine Nyström
Portugal,Madalena Iglesias
Denmark,Ulla Pia
Netherlands,Milly Scott
France,Dominique Walter
Monaco,Tereza
Italy,Domenico Modugno
United Kingdom,Sandie Shaw
Ireland,Sean Dunphy
France,Noëlle Cordier
Luxembourg,Vicky
Monaco,Minouche Barelli
Spain,Raphael
Belgium,Louis Neefs
Sweden,Östen Warnerbring
Germany,Inge Brück
Yugoslavia,Lado Leskovar
Italy,Claudio Villa
Portugal,Eduardo Nascimento
Finland,Fredi
Netherlands,Thérèse Steinmetz
Austria,Peter Horten
Norway,Kirsti Sparboe
Switzerland,Géraldine
Spain,Massiel
United Kingdom,Cliff Richard
France,Isabelle Aubret
Ireland,Pat McGeegan
Sweden,Claes-Göran Hederström
Germany,Wencke Myhre
Belgium,Claude Lombard
Monaco,Line & Willy
Yugoslavia,Luci Kapurso & Hamo Hajdarhodzic
Italy,Sergio Endrigo
Portugal,Carlos Mendes
Luxembourg,Chris Baldo & Sophie Garel
Austria,Karel Gott
Switzerland,Gianni Mascolo
Norway,Odd Børre
Netherlands,Ronnie Tober
Finland,Kristina Hautala
Spain,Salomé
United Kingdom,Lulu
Netherlands,Lenny Kuhr
France,Frida Boccara
Switzerland,Paola del Medico
Monaco,Jean-Jacques
Ireland,Muriel Day and the Lindsays
Belgium,Louis Neefs
Sweden,Tommy Körberg
Germany,Siw Malmkvist
Luxembourg,Romuald
Finland,Jarkko and Laura
Yugoslavia,Ivan & M's
Italy,Iva Zanicchi
Portugal,Simone de Oliveira
Norway,Kirsti Sparboe
Ireland,Dana
United Kingdom,Mary Hopkin
Germany,Katja Ebstein
Switzerland,Henri Dès
France,Guy Bonnet
Spain,Julio Iglesias
Netherlands,Patricia and Hearts of Soul
Italy,Gianni Morandi
Belgium,Jean Vallée
Monaco,Dominique Dussault
Yugoslavia,Eva Sršen
Luxembourg,David-Alexandre Winter
Monaco,Séverine
Spain,Karina
Germany,Katja Ebstein
United Kingdom,Clodagh Rodgers
Italy,Massimo Ranieri
Sweden,Family Four
Netherlands,Saskia and Serge
Finland,Markku Aro and Koivisto Sisters
Portugal,Tonicha
France,Serge Lama
Ireland,Angela Farrell
Switzerland,"Peter, Sue and Marc"
Luxembourg,Monique Melsen
Belgium,Lily Castel and Jacques Raymond
Yugoslavia,Krunoslav Slabinac
Austria,Marianne Mendt
Norway,Hanne Krogh
Malta,Joe Grech
Luxembourg,Vicky Leandros
United Kingdom,The New Seekers
Germany,Mary Roos
Netherlands,Sandra and Andres
Austria,The Milestones
Italy,Nicola di Bari
Portugal,Carlos Mendes
Switzerland,Véronique Müller
Yugoslavia,Tereza
Spain,Jaime Morey
France,Betty Mars
Finland,Päivi Paunu and Kim Floor
Sweden,Family Four
Norway,Grethe Kausland & Benny Borg
Ireland,Sandie Jones
Monaco,Anne-Marie Godart and Peter MacLane
Belgium,Serge and Christine Ghisoland
Malta,Helen and Joseph
Luxembourg,Anne-Marie David
Spain,Mocedades
United Kingdom,Cliff Richard
Israel,Ilanit
Sweden,The Nova and The Dolls
Finland,Marion Rung
Norway,Bendik Singers
Germany,Gitte
Monaco,Marie
Portugal,Fernando Tordo
Ireland,Maxi
Switzerland,Patrick Juvet
Italy,Massimo Ranieri
Netherlands,Ben Cramer
Yugoslavia,Zdravko Colic
France,Martine Clémenceau
Belgium,Nicole and Hugo
Sweden,ABBA
Italy,Gigliola Cinquetti
Netherlands,Mouth and MacNeal
United Kingdom,Olivia Newton-John
Luxembourg,Ireen Sheer
Monaco,Romuald
Israel,Kaveret (Poogy)
Ireland,Tina
Spain,Peret
Belgium,Jacques Hustin
Greece,Marinella
Yugoslavia,Korni
Finland,Carita
Norway,Anne-Karine Ström and the Bendik Singers
Germany,Cindy und Bert
Switzerland,Piera Martell
Portugal,Paulo de Carvalho
Netherlands,Teach-In
United Kingdom,The Shadows
Italy,Wess & Dori Ghezzi
France,Nicole Rieu
Luxembourg,Géraldine
Switzerland,Simone Drexel
Finland,Pihasoittajat
Sweden,Lars Berghagen and the Dolls
Ireland,The Swarbriggs
Spain,Sergio & Estíbaliz
Israel,Shlomo Artzi
Malta,Renato
Yugoslavia,Pepel In Kri
Monaco,Sophie
Belgium,Ann Christy
Portugal,Duarte Mendes
Germany,Joy Fleming
Norway,Ellen Nikolaysen
Turkey,Semiha Yanki
United Kingdom,Brotherhood of Man
France,Catherine Ferry
Monaco,Mary Christy
Switzerland,"Peter, Sue and Marc"
Austria,Waterloo and Robinson
Israel,"Chocolate, Menta, Mastik"
Italy,Romina and Al Bano
Belgium,Pierre Rapsat
Netherlands,Sandra Reemer
Ireland,Red Hurley
Finland,Fredi and The Friends
Portugal,Carlos do Carmo
Greece,Mariza Koch
Luxembourg,Jürgen Marcus
Germany,Les Humphries Singers
Spain,Braulio
Yugoslavia,Ambasadori
Norway,Anne-Karine Ström
France,Marie Myriam
United Kingdom,Lynsey de Paul and Mike Moran
Ireland,The Swarbriggs Plus Two
Monaco,Michèle Torr
Greece,"Pascalis, Marianna, Robert and Bessy"
Switzerland,Pepe Lienhard Band
Belgium,Dream Express
Germany,Silver Convention
Spain,Micky
Finland,Monica Aspelund
Israel,Ilanit
Netherlands,Heddy Lester
Italy,Mia Martini
Norway,Anita Skorgan
Portugal,Os Amigos
Luxembourg,Anne Marie B.
Austria,Schmetterlinge
Sweden,Forbes
Israel,Izhar Cohen and the Alphabeta
Belgium,Jean Vallée
France,Joël Prévost
Monaco,Caline and Olivier Toussaint
Ireland,Colm T. Wilkinson
Germany,Ireen Sheer
Luxembourg,Baccara
Greece,Tania Tsanaklidou
Spain,José Vélez
Switzerland,Carole Vinci
United Kingdom,Co-Co
Italy,Ricchi e Poveri
Netherlands,Harmony
Sweden,Björn Skifs
Austria,Springtime
Denmark,Mabel
Portugal,Gemini
Finland,Seija Simola
Turkey,Nazar
Norway,Jahn Teigen
Israel,Milk and Honey
Spain,Betty Missiego
France,Anne-Marie David
Germany,Dschinghis Khan
Ireland,Cathal Dunne
Denmark,Tommy Seebach
United Kingdom,Black Lace
Greece,Elpida
Portugal,Manuela Bravo
Switzerland,"Peter, Sue and Marc and Pfuri, Gorps and Kniri"
Norway,Anita Skorgan
Netherlands,Xandra
Luxembourg,Jeane Manson
Finland,Katri-Helena
Italy,Matia Bazar
Monaco,Laurent Vaguener
Sweden,Ted Gärdestad
Belgium,Micha Marah
Austria,Christina Simon
Ireland,Johnny Logan
Germany,Katja Ebstein
United Kingdom,Prima Donna
Switzerland,Paola
Netherlands,Maggie MacNeal
Italy,Alan Sorrenti
Portugal,José Cid
Austria,Blue Danube
Luxembourg,Sophie and Magaly
Sweden,Tomas Ledin
France,Profil
Spain,Trigo Limpio
Greece,Anna Vissi and the Epikouri
Denmark,Bamses Venner
Turkey,Ajda Pekkan
Norway,Sverre Kjellsberg & Mattis Hætta
Belgium,Telex
Morocco,Samira Bensaïd
Finland,Vesa-Matti Loiri
United Kingdom,Bucks Fizz
Germany,Lena Valaitis
France,Jean Gabilou
Switzerland,"Peter, Sue and Marc"
Ireland,Sheeba
Cyprus,Island
Israel,Habibi
Greece,Yiannis Dimitras
Netherlands,Linda Williams
Sweden,Björn Skifs
Luxembourg,Jean-Claude Pascal
Denmark,Debbie Cameron and Tommy Seebach
Belgium,Emly Starr
Spain,Bacchelli
Yugoslavia,Seid-Memic Vajta
Finland,Riki Sorsa
Austria,Marty Brem
Turkey,Modern Folk Trio and Aysegül
Portugal,Carlos Paião
Norway,Finn Kalvik
Germany,Nicole
Israel,Avi Toledano
Switzerland,Arlette Zola
Belgium,Stella
Cyprus,Anna Vissi
Luxembourg,Svetlana
United Kingdom,Bardo
Sweden,Chips
Austria,Mess
Spain,Lucía
Ireland,The Duskeys
Norway,Jahn Teigen & Anita Skorgan
Portugal,Doce
Yugoslavia,Aska
Turkey,Neço
Netherlands,Bill van Dijk
Denmark,Brixx
Finland,Kojo
Luxembourg,Corinne Hermès
Israel,Ofra Haza
Sweden,Carola Häggkvist
Yugoslavia,Danijel
Germany,Hoffmann und Hoffmann
United Kingdom,Sweet Dreams
Netherlands,Bernadette
France,Guy Bonnet
Norway,Jahn Teigen
Austria,Westend
Italy,Riccardo Fogli
Finland,Ami Aspelund
Portugal,Armando Gama
Greece,Christie Stassinopoulou
Switzerland,Mariella Farré
Cyprus,Stavros and Constantina
Denmark,Gry Johansen
Belgium,Pas de Deux
Turkey,Çetin Alp and the Short Wave
Spain,Remedios Amaya
Sweden,Herrey's
Ireland,Linda Martin
Spain,Bravo
Denmark,Hot Eyes
Belgium,Jacques Zegers
Italy,Alice and Battiato
United Kingdom,Belle and the Devotions
France,Annick Thoumazeau
Finland,Kirka
Luxembourg,Sophie Carle
Portugal,Maria Guinot
Turkey,"Bes Yil Önce, On Yil Sonra"
Netherlands,Maribelle
Germany,Mary Roos
Cyprus,Andy Paul
Switzerland,Rainy Day
Norway,Dollie de Luxe
Yugoslavia,Vlado and Isolda
Austria,Anita
Norway,Bobbysocks
Germany,Wind
Sweden,Kikki Danielsson
United Kingdom,Vikki
Israel,Izhar Cohen
Ireland,Maria Christian
Italy,Al Bano and Romina Power
Austria,Gary Lux
Finland,Sonja Lumme
France,Roger Bens
Denmark,Hot Eyes
Switzerland,Mariella Farré and Pino Gasparini
Luxembourg,"Margo, Franck, Diane, Ireen, Malcolm & Chris"
Spain,Paloma San Basilio
Turkey,MFÖ
Cyprus,Lia Vishy
Greece,Takis Biniaris
Portugal,Adelaïde
Belgium,Linda Lepomme
Belgium,Sandra Kim
Switzerland,Daniela Simons
Luxembourg,Sherisse Laurence
Ireland,Luv Bug
Sweden,Lasse Holm & Monica Törnell
Denmark,Lise Haavik and Trax
United Kingdom,Ryder
Germany,Ingrid Peters
Turkey,Klips ve Onlar
Spain,Cadillac
Yugoslavia,Doris Dragović
Norway,Ketil Stokkan
Netherlands,Frizzle Sizzle
Portugal,Dora
Finland,Kari Kuivalainen
Iceland,Icy
France,Cocktail Chic
Austria,Timna Brauer
Israel,Moti Galadi and Sarai Tzuriel
Cyprus,Elpida
Ireland,Johnny Logan
Germany,Wind
Italy,Umberto Tozzi and Raf
Yugoslavia,Novi Fosili
Netherlands,Marcha
Denmark,Anne-Cathrine Herdorf
Cyprus,Alexia
Israel,Datner and Kushnir
Norway,Kate Gulbrandsen
Greece,Bang
Belgium,Liliane Saint-Pierre
Sweden,Lotta Engberg
United Kingdom,Rikki
France,Christine Minier
Finland,Vicky Rosti
Iceland,Halla Margarét
Switzerland,Carole Rich
Portugal,Nevada
Spain,Patricia Kraus
Austria,Gary Lux
Luxembourg,Plastic Bertrand
Turkey,Seyyal Tanner & Lokomotif
Switzerland,Céline Dion
United Kingdom,Scott Fitzgerald
Denmark,Kirsten & Søren
Luxembourg,Lara Fabian
Norway,Karoline Krüger
Yugoslavia,Srebrna Krila
Israel,Yardena Arazi
Ireland,Jump the Gun
Netherlands,Gerard Joling
France,Gérard Lenorman
Spain,La Década
Sweden,Tommy Körberg
Italy,Luca Barbarossa
Germany,Maxi and Chris Garden
Turkey,MFÖ
Iceland,Beathoven
Greece,Aphroditi Fryda
Belgium,Reynaert
Portugal,Dora
Finland,Boulevard
Austria,Wilfried
Yugoslavia,Riva
United Kingdom,Live Report
Denmark,Birthe Kjær
Sweden,Tommy Nilsson
Austria,Thomas Forstner
Spain,Nina
Finland,Anneli Saaristo
France,Nathalie Pâque
Italy,Anna Oxa and Fausto Leali
Greece,Marianna
Cyprus,Fanny Polymeri and Yiannis Savvidakis
Israel,Gili & Galit
Switzerland,Furbaz
Germany,Nino de Angelo
Netherlands,Justine Pelmelay
Portugal,Da Vinci
Norway,Britt Synnøve Johansen
Ireland,Kiev Connolly and the Missing Passengers
Belgium,Ingeborg
Luxembourg,Park Café
Turkey,Pan
Iceland,Daníel Augúst Haraldsson
Italy,Toto Cutugno
France,Joelle Ursull
Ireland,Liam Reilly
Iceland,Stjórnin
Spain,Azúcar Moreno
United Kingdom,Emma
Yugoslavia,Tajci
Denmark,Lonnie Devantier
Germany,Chris Kempers and Daniel Kovac
Austria,Simone
Switzerland,Egon Egemann
Belgium,Philippe Lafontaine
Luxembourg,Céline Carzo
Cyprus,Haris Anastasiou
Netherlands,Maywood
Sweden,Edin-Ådahl
Turkey,Kayahan
Israel,Rita
Greece,Christos Callow and Wave
Portugal,Nucha
Norway,Ketil Stokkan
Finland,Beat
Sweden,Carola
France,Amina
Israel,Duo Datz
Spain,Sergio Dalma
Switzerland,Sandra Simò
Malta,Paul Giordimaina and Georgina
Italy,Peppino di Capri
Portugal,Dulce
Cyprus,Elena Patroclou
Ireland,Kim Jackson
United Kingdom,Samantha Janus
Turkey,"Izel Çeliköz, Rayhan Soykarçi and Can Ugurluér"
Greece,Sofia Vossou
Luxembourg,Sarah Bray
Iceland,Stefán and Eyfi
Belgium,Clouseau
Norway,Just 4 Fun
Germany,Atlantis 2000
Denmark,Anders Frandsen
Finland,Kaija
Yugoslavia,Baby Doll
Austria,Thomas Forstner
Ireland,Linda Martin
United Kingdom,Michael Ball
Malta,Mary Spiteri
Italy,Mia Martini
Greece,Cleopatra
Israel,Dafna
Iceland,Heart 2 Heart
France,Kali
Netherlands,Humphrey Campbell
Austria,Tony Wegas
Cyprus,Evridiki
Denmark,Kenny & Lotte
Yugoslavia,Extra Nena
Spain,Serafin
Switzerland,Daisy Auvray
Germany,Wind
Portugal,Diná
Norway,Merethe Trøan
Turkey,Aylin Vatankos
Belgium,Morgane
Luxembourg,Marion Welter and Kontinent
Sweden,Christer Björkman
Finland,Pave
Ireland,Niamh Kavanagh
United Kingdom,Sonia
Switzerland,Annie Cotton
France,Patrick Fiori
Norway,Silje Vige
Netherlands,Ruth Jacott
Sweden,Arvingarna
Malta,William Mangion
Greece,Kaiti Garbi
Portugal,Anabela
Spain,Eva Santamaria
Italy,Enrico Ruggeri
Iceland,Inga
Austria,Tony Wegas
Croatia,Put
Bosnia & Herzegovina,Fazla
Finland,Katri-Helena
Germany,Münchener Freiheit
Cyprus,Kyriakos Zymboulakis & Demos Van Beke
Luxembourg,Modern Times
Turkey,"Burak Aydos, Öztürk Baybora & Serter"
Denmark,Tommy Seebach Band
Slovenia,1X Band
Israel,Lakahat Shiru
Belgium,Barbara
Ireland,Paul Harrington & Charlie McGettigan
Poland,Edyta Górniak
Germany,MeKaDo
Hungary,Friderika Bayer
Malta,Moira Stafrace and Christopher Scicluna
Norway,Elisabeth Andreasson & Jan Werner Danielsen
France,Nina Morato
Portugal,Sara Tavares
Russia,Youddiph
United Kingdom,Frances Ruffelle
Cyprus,Evridiki
Iceland,Sigga
Sweden,Marie Bergman and Roger Pontare
Greece,Costas Bigalis and the Sea Lovers
Bosnia & Herzegovina,Alma and Dejan
Croatia,Tony Cetinski
Austria,Petra Frey
Spain,Alejandro Abad
Switzerland,Duilio
Slovakia,Martin Durinda and Tublatanka
Romania,Dan Bittman
Finland,CatCat
Netherlands,Willeke Alberti
Estonia,Silvi Vrait
Lithuania,Ovidijus Vyšniauskas
Norway,Secret Garden
Spain,Anabel Conde
Sweden,Jan Johansen
France,Nathalie Santamaria
Denmark,Aud Wilken
Croatia,Magazin and Lidija
Slovenia,Darja Svajger
Israel,Liora
Cyprus,Alexandros Panayi
United Kingdom,Love City Groove
Malta,Mike Spiteri
Greece,Elina Constantopoulou
Austria,Stella Jones
Ireland,Eddie Friel
Iceland,Bó Halldórsson
Turkey,Arzu Ece
Russia,Philipp Kirkorov
Poland,Justyna
Bosnia & Herzegovina,Davor Popovic
Belgium,Frédéric Etherlinck
Portugal,Tó Cruz
Hungary,Czaba Szigeti
Germany,Stone and Stone
Ireland,Eimear Quinn
Norway,Elisabeth Andreasson
Sweden,One More Time
Croatia,Maja Blagdan
Estonia,Ivo Linna and Maarja-Liis Ilus
Portugal,Lúcia Moniz
Netherlands,Maxine & Franklin Brown
United Kingdom,Gina G
Cyprus,Constantinos
Malta,Miriam Christine
Austria,George Nußbaumer
Turkey,Şebnem Paker
Iceland,Anna Mjöll
Greece,Marianna Efstratiou
Poland,Kasia Kowalska
Switzerland,Cathy Leander
Belgium,Lisa del Bo
Slovakia,Marcel Palonder
France,Dan Ar Braz et l'Héritage des Celtes
Spain,Antonio Carbonell
Slovenia,Regina
Bosnia & Herzegovina,Amila Glamocak
Finland,Jasmine
United Kingdom,Katrina and The Waves
Ireland,Marc Roberts
Turkey,Sebnem Paker and Group Etnic
Italy,Jalisse
Cyprus,Chara and Andreas Konstantinou
Spain,Marcos Llunas
France,Fanny
Estonia,Maarja-Liis Ilus
Malta,Debbie Scerri
Slovenia,Tanja Ribič
Poland,Anna Maria Jopek
Greece,Marianna Zorba
Hungary,VIP
Sweden,Blond
Russia,Alla Pugachova
Denmark,Kølig Kaj
Croatia,ENI
Germany,Bianca Shomburg
Bosnia & Herzegovina,Alma Cardzic
Iceland,Paul Oscar
Austria,Bettina Soriat
Switzerland,Barbara Berta
Netherlands,Mrs. Einstein
Norway,Tor Endresen
Portugal,Célia Lawson
Israel,Dana International
United Kingdom,Imaani
Malta,Chiara
Netherlands,Edsilia Rombley
Croatia,Danijela
Belgium,Mélanie Cohl
Germany,Guildo Horn
Norway,Lars A. Fredriksen
Ireland,Dawn
Sweden,Jill Johnson
Cyprus,Michael Hajiyanni
Portugal,Alma Lusa
Estonia,Koit Toome
Turkey,Tüzmen
Finland,Edea
Spain,Mikel Herzog
Poland,Sixteen
Slovenia,Vili Resnik
North Macedonia,Vlado Janevski
Greece,Dionysia and Thalassa group
Slovakia,Katarína Hasprová
Romania,Malina Olinescu
Hungary,Charlie
France,Marie-Line
Switzerland,Gunvor
Sweden,Charlotte Nilsson
Iceland,Selma Björnsdóttir
Germany,Sürpriz
Croatia,Doris Dragović
Israel,Eden
Estonia,Evelin Samuel and Camille
Bosnia & Herzegovina,Dino and Beatrice
Denmark,Trine Jepsen & Michael Teschl
Netherlands,Marlayne
Austria,Bobbie Singer
Slovenia,Darja Svajger
Belgium,Venessa Chinitor
United Kingdom,Precious
Norway,Stig André Van Eijk
Malta,Times 3
Turkey,Tuba Önal & Grup Mystik
Ireland,The Mullan's
Poland,Mietek Szczesniak
France,Nayah
Lithuania,Aiste Smilgeviciute
Portugal,Rui Bandeira
Cyprus,Marlain Angelidou
Spain,Lydia
Denmark,Olsen brothers
Russia,Alsou
Latvia,BrainStorm
Estonia,Ines
Germany,Stefan Raab
Ireland,Eamonn Toal
Sweden,Roger Pontare
Malta,Claudette Pace
Croatia,Goran Karan
Turkey,Pinar Ayhan & S.O.S. band
Norway,Charmed
Iceland,August & Telma
Netherlands,Linda Wagenmakers
Austria,The rounder girls
North Macedonia,XXL
United Kingdom,Nicki French
Romania,Taxi
Spain,Serafín Zubiri
Finland,Nina Åström
Switzerland,Jane Bogaert
Cyprus,Voice
Israel,Ping Pong
France,Sofia Mestari
Belgium,Nathalie Sorce
Estonia,"Tanel Padar, Dave Benton & 2XL"
Denmark,Rollo & King
Greece,Antique
France,Natasha Saint-Pier
Sweden,Friends
Spain,David Civera
Slovenia,Nua Derenda
Germany,Michelle
Malta,Fabrizio Faniello
Croatia,Vanna
Turkey,Sedat Yüce
Russia,Mumiy troll
Lithuania,Skamp
Bosnia & Herzegovina,Nino
United Kingdom,Lindsay D.
Israel,Tal Sondak
Portugal,MTM
Netherlands,Michelle
Latvia,Arnis Mednis
Poland,Piasek
Ireland,Gary O'Shaughnessy
Iceland,TwoTricky
Norway,Haldor Lægreid
Latvia,Marie N
Malta,Ira Losco
United Kingdom,Jessica Garlick
Estonia,Sahléne
France,Sandrine François
Cyprus,One
Spain,Rosa
Sweden,Afro-dite
Romania,Monica Anghel & Marcel Pavel
Russia,Prime minister
Croatia,Vesna Pisarovic
Israel,Sarit Hadad
Bosnia & Herzegovina,Maja
Belgium,Sergio & the Ladies
Slovenia,Sestre
Turkey,Buket Bengisu & Saphire
Greece,Michalis Rakintzis
Austria,Manuel Ortega
North Macedonia,Karolina
Finland,Laura
Germany,Corinna May
Switzerland,Francine Jordi
Lithuania,Aivaras
Denmark,Malene
Turkey,Sertab Erener
Belgium,Urban Trad
Russia,t.A.T.u.
Norway,Jostein Hasselgård
Sweden,Fame
Austria,Alf Poier
Poland,Ich Troje
Iceland,Birgitta
Spain,Beth
Romania,Nicola
Ireland,Mickey Harte
Germany,Lou
Netherlands,Esther Hart
Ukraine,Olexandr
Croatia,Claudia Beni
Bosnia & Herzegovina,Mija Martina
Greece,Mando
France,Louisa Baileche
Israel,Lior Narkis
Cyprus,Stelios Constantas
Estonia,Ruffus
Portugal,Rita Guerra
Slovenia,Karmen
Latvia,F.L.Y.
Malta,Lynn Chirchop
United Kingdom,Jemini
Ukraine,Ruslana
Serbia & Montenegro,Željko Joksimović
Greece,Sakis Rouvas
Turkey,Athena
Cyprus,Lisa Andreas
Sweden,Lena Philipsson
Albania,Anjeza Shahini
Germany,Max
Bosnia & Herzegovina,Deen
Spain,Ramón
Russia,Julia Savicheva
Malta,Julie & Ludwig
Croatia,Ivan Mikulic
North Macedonia,Tose Proeski
France,Jonatan Cerrada
United Kingdom,James Fox
Poland,Blue Cafe
Romania,Sanda Ladosi
Iceland,Jónsi
Netherlands,Re-union
Austria,Tie Break
Belgium,Xandee
Ireland,Chris Doran
Norway,Knut Anders Sørum
Estonia,Neiokõsõ
Israel,David D'or
Denmark,Tomas Thordarson
Finland,Jari Sillanpää
Portugal,Sofia
Lithuania,Linas ir Simona
Latvia,Fomins & Kleins
Andorra,Marta Roure
Belarus,Aleksandra & Konstantin
Monaco,Maryon
Slovenia,Platin
Switzerland,Piero Esteriore & the MusicStars
Greece,Helena Paparizou
Malta,Chiara
Romania,Luminita Anghel & Sistem
Israel,Shiri Maymon
Latvia,Walter & Kazha
Moldova,Zdob şi Zdub
Serbia & Montenegro,No Name
Switzerland,Vanilla Ninja
Norway,Wig Wam
Denmark,Jakob Sveistrup
Croatia,Boris Novkovic feat. Lado members
Hungary,NOX
Turkey,Gülseren
Bosnia & Herzegovina,Feminnem
Russia,Natalia Podolskaya
Albania,Ledina Celo
North Macedonia,Martin Vucic
Cyprus,Constantinos Christoforou
Sweden,Martin Stenmarck
Ukraine,Greenjolly
Spain,Son de sol
United Kingdom,Javine
France,Ortal
Germany,Gracia
Poland,Ivan & Delfin
Slovenia,Omar Naber
Belarus,Angelica Agurbash
Netherlands,Glennis Grace
Ireland,Donna and Joseph McCaul
Iceland,Selma
Portugal,2B
Finland,Geir Rönning
Bulgaria,Kaffe
Estonia,Suntribe
Austria,Global.Kryner
Belgium,Nuno Resende
Andorra,Marian van de Wal
Monaco,Lise Darly
Lithuania,Laura and the Lovers
Finland,Lordi
Russia,Dima Bilan
Bosnia & Herzegovina,Hari Mata Hari
Romania,Mihai Traistariu
Sweden,Carola
Lithuania,LT United
Ukraine,Tina Karol
Armenia,André
Greece,Anna Vissi
Ireland,Brian Kennedy
Turkey,Sibel Tüzün
North Macedonia,Elena Risteska
Croatia,Severina
Norway,Christine Guldbrandsen
Germany,Texas Lightning
Switzerland,Six4One
Latvia,Cosmos
Denmark,Sidsel Ben Semmane
United Kingdom,Daz Sampson
Moldova,Arsenium & Natalia Gordienko
Spain,Las Ketchup
France,Virginie Pouchin
Israel,Eddie Butler
Malta,Fabrizio Faniello
Poland,Ich Troje
Belgium,Kate Ryan
Iceland,Silvia Night
Albania,Luiz Ejlli
Cyprus,Annet Artani
Slovenia,Anej Dean
Bulgaria,Mariana Popova
Estonia,Sandra
Portugal,Nonstop
Netherlands,Treble
Monaco,Séverine Ferrer
Belarus,Polina Smolova
Andorra,Jennifer
Serbia,Marija Šerifović
Ukraine,Verka Serduchka
Russia,Serebro
Turkey,Kenan Dogulu
Bulgaria,Elitsa Todorova & Stoyan Yankulov
Belarus,Dmitry Koldun
Greece,Sarbel
Armenia,Hayko
Hungary,Magdi Rúzsa
Moldova,Natalia Barbu
Bosnia & Herzegovina,Marija Sestic
Georgia,Sopho
Romania,Todomondo
North Macedonia,Karolina
Slovenia,Alenka Gotar
Latvia,Bonaparti.lv
Finland,Hanna Pakarinen
Sweden,The Ark
Germany,Roger Cicero
Spain,NASH
Lithuania,4Fun
France,Les Fatals Picards
United Kingdom,Scooch
Ireland,Dervish
Portugal,Sabrina
Andorra,Anonymous
Iceland,Eiríkur Hauksson
Poland,The Jet Set
Cyprus,Evridiki
Croatia,Dragonfly feat. Dado Topic
Albania,Aida & Frederik Ndoci
Norway,Guri Schanke
Denmark,DQ
Switzerland,DJ BoBo
Netherlands,Edsilia Rombley
Montenegro,Stevan Faddy
Estonia,Gerli Padar
Israel,Teapacks
Malta,Olivia Lewis
Belgium,The KMG's
Austria,Eric Papilaya
Czech Republic,Kabát
Russia,Dima Bilan
Ukraine,Ani Lorak
Greece,Kalomira
Armenia,Sirusho
Norway,Maria
Serbia,Jelena Tomašević feat. Bora Dugic
Turkey,Mor ve Ötesi
Azerbaijan,Elnur & Samir
Israel,Boaz
Bosnia & Herzegovina,Laka
Georgia,Diana Gurtskaya
Latvia,Pirates Of The Sea
Portugal,Vânia Fernandes
Iceland,Euroband
Denmark,Simon Mathew
Spain,Rodolfo Chikilicuatre
Albania,Olta Boka
Sweden,Charlotte Perrelli
France,Sébastien Tellier
Romania,Nico & Vlad
Croatia,Kraljevi Ulice & 75 Cents
Finland,Teräsbetoni
Germany,No Angels
Poland,Isis Gee
United Kingdom,Andy Abraham
North Macedonia,"Tamara, Vrčak & Adrijan"
Bulgaria,Deep Zone & Balthazar
Switzerland,Paolo Meneguzzi
Malta,Morena
Slovenia,Rebeka Dremelj
Moldova,Geta Burlacu
Cyprus,Evdokia Kadi
Lithuania,Jeronimas Milius
Netherlands,Hind
Belarus,Ruslan Alehno
Montenegro,Stefan Filipović
Ireland,Dustin the Turkey
Andorra,Gisela
Belgium,Ishtar
Czech Republic,Tereza Kerndlová
Estonia,Kreisiraadio
Hungary,Csézy
San Marino,Miodio
Norway,Alexander Rybak
Iceland,Yohanna
Azerbaijan,AySel & Arash
Turkey,Hadise
United Kingdom,Jade Ewen
Estonia,Urban Symphony
Greece,Sakis Rouvas
France,Patricia Kaas
Bosnia & Herzegovina,Regina
Armenia,Inga & Anush
Russia,Anastasia Prikhodko
Ukraine,Svetlana Loboda
Denmark,Brinck
Moldova,Nelly Ciobanu
Portugal,Flor-de-lis
Israel,Noa & Mira Awad
Albania,Kejsi Tola
Croatia,Igor Cukrov feat. Andrea
Romania,Elena
Germany,Alex Swings Oscar Sings!
Sweden,Malena Ernman
Malta,Chiara
Lithuania,Sasha Son
Spain,Soraya
Finland,Waldo's People
Serbia,Marko Kon & Milaan
Ireland,Sinéad Mulvey & Black Daisy
North Macedonia,Next Time
Montenegro,Andrea Demirović
Poland,Lidia Kopania
Cyprus,Christina Metaxa
Belarus,Petr Elfimov
Switzerland,Lovebugs
Hungary,Zoli Ádok
Slovenia,Quartissimo feat. Martina
Netherlands,The Toppers
Andorra,Susanne Georgi
Slovakia,Kamil Mikulčík & Nela Pocisková
Bulgaria,Krassimir Avramov
Latvia,Intars Busulis
Belgium,Copycat
Czech Republic,Gipsy.cz
Germany,Lena
Turkey,maNga
Romania,Paula Seling & Ovi
Denmark,Chanée & N'evergreen
Azerbaijan,Safura
Belgium,Tom Dice
Armenia,Eva Rivas
Greece,Giorgos Alkaios & Friends
Georgia,Sofia Nizharadze
Ukraine,Alyosha
Russia,Peter Nalitch & Friends
France,Jessy Matador
Serbia,Milan Stanković
Israel,Harel Skaat
Spain,Daniel Diges
Albania,Juliana Pasha
Bosnia & Herzegovina,Vukašin Brajić
Portugal,Filipa Azevedo
Iceland,Hera Björk
Norway,Didrik Solli-Tangen
Cyprus,Jon Lilygreen & The Islanders
Moldova,Sunstroke Project & Olia Tira
Ireland,Niamh Kavanagh
Belarus,3+2
United Kingdom,Josh
Sweden,Anna Bergendahl
Finland,Kuunkuiskaajat
Lithuania,InCulto
Malta,Thea Garrett
Poland,Marcin Mroziński
Estonia,Malcolm Lincoln
North Macedonia,Gjoko Taneski
Croatia,Feminnem
Netherlands,Sieneke
Slovakia,Kristina Pelakova
Bulgaria,Miro
Latvia,Aisha
Slovenia,Ansambel Žlindra & Kalamari
Switzerland,Michael von der Heide
Azerbaijan,Ell/Nikki
Italy,Raphael Gualazzi
Sweden,Eric Saade
Ukraine,Mika Newton
Denmark,A Friend In London
Bosnia & Herzegovina,Dino Merlin
Greece,Loucas Yiorkas feat. Stereo Mike
Ireland,Jedward
Georgia,Eldrine
Germany,Lena
United Kingdom,Blue
Moldova,Zdob și Zdub
Slovenia,Maja Keuc
Serbia,Nina
France,Amaury Vassili
Russia,Alexej Vorobjov
Romania,Hotel FM
Austria,Nadine Beiler
Lithuania,Evelina Sašenko
Iceland,Sjonni's Friends
Finland,Paradise Oskar
Hungary,Kati Wolf
Spain,Lucía Pérez
Estonia,Getter Jaani
Switzerland,Anna Rossinelli
Malta,Glen Vella
Armenia,Emmy
Belgium,Witloof Bay
Turkey,Yüksek Sadakat
Albania,Aurela Gaçe
Bulgaria,Poli Genova
Slovakia,TWiiNS
Belarus,Anastasiya Vinnikova
Croatia,Daria
Israel,Dana International
North Macedonia,Vlatko Ilievski
San Marino,Senit
Norway,Stella Mwangi
Latvia,Musiqq
Portugal,Homens Da Luta
Poland,Magdalena Tul
Cyprus,Christos Mylordos
Netherlands,3JS
Sweden,Loreen
Russia,Buranovskiye Babushki
Serbia,Željko Joksimović
Azerbaijan,Sabina Babayeva
Albania,Rona Nishliu
Estonia,Ott Lepland
Turkey,Can Bonomo
Germany,Roman Lob
Italy,Nina Zilli
Spain,Pastora Soler
Moldova,Pasha Parfeny
Romania,Mandinga
North Macedonia,Kaliopi
Lithuania,Donny Montell
Ukraine,Gaitana
Cyprus,Ivi Adamou
Greece,Eleftheria Eleftheriou
Bosnia & Herzegovina,Maya Sar
Ireland,Jedward
Iceland,Greta Salóme & Jónsi
Malta,Kurt Calleja
France,Anggun
Denmark,Soluna Samay
Hungary,Compact Disco
United Kingdom,Engelbert Humperdinck
Norway,Tooji
Bulgaria,Sofi Marinova
Switzerland,Sinplus
Croatia,Nina Badrić
Finland,Pernilla
Portugal,Filipa Sousa
Georgia,Anri Jokhadze
Netherlands,Joan Franka
Belarus,Litesound
Israel,Izabo
San Marino,Valentina Monetta
Slovenia,Eva Boto
Slovakia,Max Jason Mai
Montenegro,Rambo Amadeus
Latvia,Anmary
Belgium,Iris
Austria,Trackshittaz
Denmark,Emmelie de Forest
Azerbaijan,Farid Mammadov
Ukraine,Zlata Ognevich
Norway,Margaret Berger
Russia,Dina Garipova
Greece,Koza Mostra feat. Agathon Iakovidis
Italy,Marco Mengoni
Malta,Gianluca
Netherlands,Anouk
Hungary,ByeAlex
Moldova,Aliona Moon
Belgium,Roberto Bellarosa
Romania,Cezar
Sweden,Robin Stjernberg
Georgia,Nodi Tatishvili & Sophie Gelovani
Belarus,Alyona Lanskaya
Iceland,Eythor Ingi
Armenia,Dorians
United Kingdom,Bonnie Tyler
Estonia,Birgit
Germany,Cascada
Lithuania,Andrius Pojavis
France,Amandine Bourgeois
Finland,Krista Siegfrids
Spain,ESDM
Ireland,Ryan Dolan
Serbia,Moje 3
San Marino,Valentina Monetta
Bulgaria,"Elitsa Todorova, Stoyan Yankulov"
Montenegro,Who See
Switzerland,Takasa
Croatia,Klapa s mora
Israel,Moran Mazor
Albania,Adrian Lulgjuraj & Bledar Sejko
Austria,Natália Kelly
North Macedonia,Esma & Lozano
Latvia,PeR
Cyprus,Despina Olympiou
Slovenia,Hannah
Austria,Conchita Wurst
Netherlands,The Common Linnets
Sweden,Sanna Nielsen
Armenia,Aram MP3
Hungary,András Kállay-Saunders
Ukraine,Mariya Yaremchuk
Russia,Tolmachevy Sisters
Norway,Carl Espen
Denmark,Basim
Spain,Ruth Lorenzo
Finland,Softengine
Romania,Paula Seling & OVI
Switzerland,Sebalter
Poland,Donatan & Cleo
Iceland,Pollapönk
Belarus,Teo
United Kingdom,Molly
Germany,Elaiza
Montenegro,Sergej Ćetković
Greece,Freaky Fortune feat. RiskyKidd
Italy,Emma
Azerbaijan,Dilara Kazimova
Malta,Firelight
San Marino,Valentina Monetta
Slovenia,Tinkara Kovač
France,TWIN TWIN
Portugal,Suzy
Lithuania,Vilija Matačiūnaitė
Ireland,Can-Linn feat. Kasey Smith
Estonia,Tanja
North Macedonia,Tijana
Latvia,Aarzemnieki
Belgium,Axel Hirsoux
Albania,Hersi
Israel,Mei Finegold
Georgia,The Shin and Mariko
Moldova,Cristina Scarlat
Sweden,Måns Zelmerlöw
Russia,Polina Gagarina
Italy,Il Volo
Belgium,Loïc Nottet
Australia,Guy Sebastian
Latvia,Aminata Savadogo
Estonia,Elina Born & Stig Rästa
Norway,Mørland & Debrah Scarlett
Israel,Nadav Guedj
Serbia,Bojana Stamenov
Georgia,Nina Sublatti
Azerbaijan,Elnur Hüseynov
Montenegro,Knez
Slovenia,Maraaya
Romania,Voltaj
Armenia,Genealogy
Albania,Elhaida Dani
Lithuania,Monika & Vaidas
Greece,Maria Elena Kyriakou
Hungary,Boggie
Spain,Edurne
Cyprus,John Karayiannis
Poland,Monika Kuszyńska
United Kingdom,Electro Velvet
France,Lisa Angell
Austria,The Makemakes
Germany,Ann Sophie
Moldova,Eduard Romanyuta
Malta,Amber
Belarus,Uzari & Maimuna
Ireland,Molly Sterling
Denmark,Anti Social Media
Netherlands,Trijntje Oosterhuis
Czech Republic,Marta Jandová & Václav Noid Bárta
North Macedonia,Daniel Kajmakoski
Portugal,Leonor Andrade
Iceland,María Ólafsdóttir
Finland,Pertti Kurikan Nimipäivät
San Marino,Michele Perniola & Anita Simoncini
Switzerland,Mélanie René
Ukraine,Jamala
Australia,Dami Im
Russia,Sergey Lazarev
Bulgaria,Poli Genova
Sweden,Frans
France,Amir
Armenia,Iveta Mukuchyan
Poland,Michał Szpak
Lithuania,Donny Montell
Belgium,Laura Tesoro
Netherlands,Douwe Bob
Malta,Ira Losco
Austria,Zoë
Israel,Hovi Star
Latvia,Justs
Italy,Francesca Michielin
Azerbaijan,Samra
Serbia,Sanja Vučić ZAA
Hungary,Freddie
Georgia,Nika Kocharov & Young Georgian Lolitaz
Cyprus,Minus One
Spain,Barei
Croatia,Nina Kraljić
United Kingdom,Joe & Jake
Czech Republic,Gabriela Gunčíková
Germany,Jamie-Lee Kriewitz
Bosnia & Herzegovina,Dalal & Deen feat. Ana Rucner & Jala
North Macedonia,Kaliopi
Belarus,Ivan
San Marino,Serhat
Norway,Agnete
Montenegro,Highway
Slovenia,ManuElla
Iceland,Greta Salóme
Finland,Sandhja
Ireland,Nicky Byrne
Albania,Eneda Tarifa
Greece,Argo
Denmark,Lighthouse X
Moldova,Lidia Isac
Switzerland,Rykka
Estonia,Jüri Pootsmann
Portugal,Salvador Sobral
Bulgaria,Kristian Kostov
Moldova,Sunstroke Project
Belgium,Blanche
Sweden,Robin Bengtsson
Italy,Francesco Gabbani
Romania,Ilinca feat. Alex Florea
Hungary,Joci Pápai
Australia,Isaiah Firebrace
Norway,Jowst
Netherlands,OG3NE
France,Alma
Croatia,Jacques Houdek
Azerbaijan,Dihaj
United Kingdom,Lucie Jones
Austria,Nathan Trent
Belarus,Naviband
Armenia,Artsvik
Greece,Demy
Denmark,Anja
Cyprus,Hovig
Poland,Kasia Moś
Israel,Imri Ziv
Ukraine,O.Torvald
Germany,Levina
Spain,Manel Navarro
Georgia,Tamara Gachechiladze
Serbia,Tijana Bogićević
Switzerland,Timebelle
Finland,Norma John
Ireland,Brendan Murray
Estonia,Koit Toome & Laura
Czech Republic,Martina Bárta
Albania,Lindita
North Macedonia,Jana Burčeska
Iceland,Svala
Montenegro,Slavko Kalezić
Malta,Claudia Faniello
Lithuania,Fusedmarc
Slovenia,Omar Naber
Latvia,Triana Park
San Marino,Valentina Monetta & Jimmie Wilson
Israel,Netta Barzilai
Cyprus,Eleni Foureira
Austria,Cesár Sampson
Germany,Michael Schulte
Italy,Ermal Meta & Fabrizio Moro
Czech Republic,Mikolas Josef
Sweden,Benjamin Ingrosso
Estonia,Elina Nechayeva
Denmark,Rasmussen
Moldova,DoReDos
Albania,Eugent Bushpepa
Lithuania,Ieva Zasimauskaitė
France,Madame Monsieur
Bulgaria,Equinox
Norway,Alexander Rybak
Ireland,Ryan O'Shaughnessy
Ukraine,Mélovin
Netherlands,Waylon
Serbia,Sanja Ilić & Balkanika
Australia,Jessica Mauboy
Hungary,AWS
Slovenia,Lea Sirk
Spain,Amaia & Alfred
United Kingdom,SuRie
Finland,Saara Aalto
Portugal,Cláudia Pascoal
Romania,The Humans
Latvia,Laura Rizzotto
Malta,Christabelle
Azerbaijan,Aisel
Belgium,Sennek
Switzerland,Zibbz
Poland,Gromee feat. Lukas Meijer
Greece,Yianna Terzi
Armenia,Sevak Khanagyan
Russia,Julia Samoylova
Belarus,Alekseev
Croatia,Franka
Montenegro,Vanja Radovanović
San Marino,Jessika feat. Jenifer Brening
Georgia,Ethno-Jazz Band Iriao
North Macedonia,Eye Cue
Iceland,Ari Ólafsson
Netherlands,Duncan Laurence
Italy,Mahmood
Russia,Sergey Lazarev
Switzerland,Luca Hänni
Sweden,John Lundvik
Norway,KEiiNO
North Macedonia,Tamara Todevska
Azerbaijan,Chingiz
Australia,Kate Miller-Heidke
Iceland,Hatari
Czech Republic,Lake Malawi
Denmark,Leonora
Cyprus,Tamta
Malta,Michela Pace
Slovenia,Zala Kralj & Gašper Šantl
France,Bilal Hassani
Albania,Jonida Maliqi
Serbia,Nevena Božović
San Marino,Serhat
Estonia,Victor Crone
Greece,Katerine Duska
Spain,Miki
Israel,Kobi Marimi
Belarus,Zena
Germany,S!sters
United Kingdom,Michael Rice
Poland,Tulia
Hungary,Joci Pápai
Lithuania,Jurij Veklenko
Moldova,Anna Odobescu
Belgium,Eliot
Romania,Ester Peony
Georgia,Oto Nemsadze
Croatia,Roko
Portugal,Conan Osíris
Latvia,Carousel
Armenia,Srbuk
Montenegro,D mol
Finland,Darude feat. Sebastian Rejman
Austria,Pænda
Ireland,Sarah McTernan
France,Tom Leeb
Germany,Ben Dolic
Italy,Diodato
Netherlands,Jeangu Macrooy
Spain,Blas Cantó
United Kingdom,James Newman
Australia,Montaigne
Belarus,VAL
Ireland,Lesley Roy
Lithuania,The Roop
North Macedonia,Vasil
Russia,Little Big
Slovenia,Ana Soklič
Sweden,The Mamas
Azerbaijan,Samira Efendi
Belgium,Hooverphonic
Croatia,Damir Kedžo
Cyprus,Sandro Nicolas
Israel,Eden Alene
Malta,Destiny
Norway,Ulrikke Brandstorp
Romania,Roxen
Ukraine,Go_A
Austria,Vincent Bueno
Czech Republic,Benny Cristo
Estonia,Uku Suviste
Greece,Stefania
Iceland,Daði & Gagnamagnið
Moldova,Natalia Gordienko
Poland,Alicja Szemplińska
San Marino,Senhit
Serbia,Hurricane
Albania,Arilena Ara
Armenia,Athena Manoukian
Bulgaria,Victoria
Denmark,Ben & Tan
Finland,Aksel Kankaanranta
Georgia,Tornike Kipiani
Latvia,Samanta Tīna
Portugal,Elisa
Switzerland,Gjon's Tears
